{
  "score": 0.23176090034250682,
  "weights": {
    "ww_aggr": 0.048689849779443475,
    "ww_aggr_prelim": 1.011573638810098,
    "ww_bank_bias": 1.9273743981511693,
    "ww_battle": 0.25632836658501607,
    "ww_belief": 0.05721440754562625,
    "ww_bluff": 1.4629118279142388,
    "ww_bluff_hint": 1.5793248215201299,
    "ww_concede_mask": 1.3276476605669252,
    "ww_countp": 0.09988084299425262,
    "ww_deficit_pen": 0.5881469879097717,
    "ww_dom": 1.0582093711504947,
    "ww_ev": 0.4167020661351678,
    "ww_ev_prelim": 0.33837909013708584,
    "ww_ev_card_bet": 1.4680468892170928,
    "ww_hand": 0.5828246412470185,
    "ww_hand_count": 0.9388882389467921,
    "ww_hand_strength": 0.985060187537224,
    "ww_last_bias": 1.7274527191485847,
    "ww_liq_call_cost": 1.0936091998202373,
    "ww_liq_later_mult": 1.3714034454270305,
    "ww_liq_linear": 1.00857032474793,
    "ww_liq_linear_prelim": 0.062488370255170414,
    "ww_liq_short": 0.3989475900184142,
    "ww_liquidty": 1.9806419600223557,
    "ww_none_center_bias": 0.4957238741601143,
    "ww_open": 0.8312261705630746,
    "ww_reserve_per_pre": 0.09175640022857091,
    "ww_round": 1.1070654076585047,
    "ww_short_mult": 1.148572609380817,
    "ww_short_mult_base": 0.904142656484155,
    "ww_stubborn_boost": 0.10464165579139942,
    "ww_td_drive": 0.7584358180707955,
    "ww_td_drive_lat": 0.6467201074722008,
    "ww_td_later_penalty": 0.2852025951816591,
    "ww_td_none_k": 1.433827236160256,
    "ww_td_norm_later": 1.5956255109159143,
    "ww_td_norm_now": 1.8052840886887993,
    "ww_td_now_boost": 0.2653037801632477,
    "ww_td_tempo": 0.22327622478112047,
    "ww_td_tempo_lat": 0.4353393735539658,
    "ww_td_zero_later": 1.9003448151201574,
    "ww_td_zero_now": 1.769337271953548,
    "ww_theta": 0.49962562813123
  }
}