{
  "score": 0.34675970055246924,
  "weights": {
    "ww_aggr": 0.6644040361349244,
    "ww_aggr_prelim": 0.926344039635971,
    "ww_bank_bias": 1.7267718819811155,
    "ww_battle": 0.5674157628223921,
    "ww_belief": 1.6216016204900243,
    "ww_bluff": 0.25128403244175634,
    "ww_bluff_hint": 0.235922773594767,
    "ww_concede_mask": 1.9037645236687366,
    "ww_countp": 1.7204471349363484,
    "ww_deficit_pen": 0.8501336094358404,
    "ww_dom": 1.8896960017858715,
    "ww_ev": 0.7919859246524668,
    "ww_ev_prelim": 2.0,
    "ww_ev_card_bet": 1.1774884028138735,
    "ww_hand": 1.3440224627436619,
    "ww_hand_count": 1.2017582602576935,
    "ww_hand_strength": 1.1357553238132188,
    "ww_last_bias": 1.0068319109028998,
    "ww_liq_call_cost": 0.5086821996795681,
    "ww_liq_later_mult": 0.0,
    "ww_liq_linear": 1.7897534550838399,
    "ww_liq_linear_prelim": 0.16970982885712083,
    "ww_liq_short": 1.4703419933055677,
    "ww_liquidty": 1.8873063351606025,
    "ww_none_center_bias": 1.492805344692045,
    "ww_open": 0.8254059196393866,
    "ww_reserve_per_pre": 1.5647438287830868,
    "ww_round": 1.5475486319397658,
    "ww_short_mult": 1.3017786539150948,
    "ww_short_mult_base": 0.836488426974386,
    "ww_stubborn_boost": 1.226460751774963,
    "ww_td_drive": 0.7750731039199733,
    "ww_td_drive_lat": 0.7823213347624305,
    "ww_td_later_penalty": 1.2380777301243164,
    "ww_td_none_k": 1.602045329471654,
    "ww_td_norm_later": 0.15386189704214914,
    "ww_td_norm_now": 1.0641742943986117,
    "ww_td_now_boost": 0.03068939301609911,
    "ww_td_tempo": 1.9581036626644495,
    "ww_td_tempo_lat": 0.4634836729575845,
    "ww_td_zero_later": 1.2010355840358249,
    "ww_td_zero_now": 1.5229989806587507,
    "ww_theta": 1.9626591374941413
  }
}