{
  "score": 0.24694503810209165,
  "weights": {
    "ww_aggr": 1.2698143365002157,
    "ww_aggr_prelim": 0.35179866999720116,
    "ww_bank_bias": 1.140270466093202,
    "ww_battle": 1.0503182927309511,
    "ww_belief": 0.3944444537515551,
    "ww_bluff": 1.0961007135277303,
    "ww_bluff_hint": 1.9202771436102257,
    "ww_concede_mask": 1.7854644333368686,
    "ww_countp": 0.14915375300631453,
    "ww_deficit_pen": 1.6333892193079105,
    "ww_dom": 1.870985524768428,
    "ww_ev": 0.618866462481196,
    "ww_ev_prelim": 1.3639100870607177,
    "ww_ev_card_bet": 1.6121763632498505,
    "ww_hand": 1.186011403868571,
    "ww_hand_count": 0.43072298125140673,
    "ww_hand_strength": 1.6700315175355256,
    "ww_last_bias": 1.3686540000467,
    "ww_liq_call_cost": 0.12329109721024348,
    "ww_liq_later_mult": 1.7333961238555884,
    "ww_liq_linear": 1.7526783826447594,
    "ww_liq_linear_prelim": 0.30370625946542035,
    "ww_liq_short": 0.7659790497235941,
    "ww_liquidty": 1.546654438027436,
    "ww_none_center_bias": 0.7723303309678469,
    "ww_open": 0.3666567290409431,
    "ww_reserve_per_pre": 1.9804331985055905,
    "ww_round": 1.8568906325969938,
    "ww_short_mult": 0.32658339453659907,
    "ww_short_mult_base": 0.8055208498465412,
    "ww_stubborn_boost": 1.86473797175661,
    "ww_td_drive": 0.1363228185993051,
    "ww_td_drive_lat": 1.6851056591322469,
    "ww_td_later_penalty": 0.2210127551749253,
    "ww_td_none_k": 1.0221938361891827,
    "ww_td_norm_later": 1.7158303693832726,
    "ww_td_norm_now": 1.60537793577931,
    "ww_td_now_boost": 1.7623700543752554,
    "ww_td_tempo": 1.135161143403097,
    "ww_td_tempo_lat": 0.8241430308606716,
    "ww_td_zero_later": 1.417921904675527,
    "ww_td_zero_now": 0.8147040933491245,
    "ww_theta": 0.32305499770858687
  }
}


{
  "score": 0.198916123155099,
  "weights": {
    "ww_aggr": 1.4172646643898716,
    "ww_aggr_prelim": 0.0680357783154364,
    "ww_bank_bias": 0.5422489005540064,
    "ww_battle": 1.6288349368949209,
    "ww_belief": 0.9332221916645265,
    "ww_bluff": 0.8045876344896115,
    "ww_bluff_hint": 0.6167740698242766,
    "ww_concede_mask": 1.9641044204273586,
    "ww_countp": 1.9145374108674935,
    "ww_deficit_pen": 0.9157089242098937,
    "ww_dom": 0.4803635578145319,
    "ww_ev": 1.121698829069025,
    "ww_ev_prelim": 1.0781342889045147,
    "ww_ev_card_bet": 0.257091138459634,
    "ww_hand": 1.3601611195801935,
    "ww_hand_count": 0.677526883303471,
    "ww_hand_strength": 0.7242490352588119,
    "ww_last_bias": 1.3136714248892924,
    "ww_liq_call_cost": 1.2575117827561664,
    "ww_liq_later_mult": 1.0252288940010326,
    "ww_liq_linear": 1.6475501541010573,
    "ww_liq_linear_prelim": 1.5892671470484465,
    "ww_liq_short": 1.27828087461873,
    "ww_liquidty": 1.8912471015246335,
    "ww_none_center_bias": 0.4771313140869674,
    "ww_open": 1.980327585730281,
    "ww_reserve_per_pre": 1.3036191960865298,
    "ww_round": 1.9089226410850437,
    "ww_short_mult": 1.2432129885592704,
    "ww_short_mult_base": 1.8196332068453676,
    "ww_stubborn_boost": 0.9729666543605129,
    "ww_td_drive": 0.9197677333681333,
    "ww_td_drive_lat": 0.11546563291484649,
    "ww_td_later_penalty": 0.6857907518460801,
    "ww_td_none_k": 1.901988308989757,
    "ww_td_norm_later": 0.8153351558536617,
    "ww_td_norm_now": 1.084781572357671,
    "ww_td_now_boost": 0.49868662442386824,
    "ww_td_tempo": 0.667044436349194,
    "ww_td_tempo_lat": 0.2065857410174497,
    "ww_td_zero_later": 0.8932502423348407,
    "ww_td_zero_now": 0.5682476845202028,
    "ww_theta": 1.1607162584018391
  }
}

{
  "score": 0.23176090034250682,
  "weights": {
    "ww_aggr": 0.048689849779443475,
    "ww_aggr_prelim": 1.011573638810098,
    "ww_bank_bias": 1.9273743981511693,
    "ww_battle": 0.25632836658501607,
    "ww_belief": 0.05721440754562625,
    "ww_bluff": 1.4629118279142388,
    "ww_bluff_hint": 1.5793248215201299,
    "ww_concede_mask": 1.3276476605669252,
    "ww_countp": 0.09988084299425262,
    "ww_deficit_pen": 0.5881469879097717,
    "ww_dom": 1.0582093711504947,
    "ww_ev": 0.4167020661351678,
    "ww_ev_prelim": 0.33837909013708584,
    "ww_ev_card_bet": 1.4680468892170928,
    "ww_hand": 0.5828246412470185,
    "ww_hand_count": 0.9388882389467921,
    "ww_hand_strength": 0.985060187537224,
    "ww_last_bias": 1.7274527191485847,
    "ww_liq_call_cost": 1.0936091998202373,
    "ww_liq_later_mult": 1.3714034454270305,
    "ww_liq_linear": 1.00857032474793,
    "ww_liq_linear_prelim": 0.062488370255170414,
    "ww_liq_short": 0.3989475900184142,
    "ww_liquidty": 1.9806419600223557,
    "ww_none_center_bias": 0.4957238741601143,
    "ww_open": 0.8312261705630746,
    "ww_reserve_per_pre": 0.09175640022857091,
    "ww_round": 1.1070654076585047,
    "ww_short_mult": 1.148572609380817,
    "ww_short_mult_base": 0.904142656484155,
    "ww_stubborn_boost": 0.10464165579139942,
    "ww_td_drive": 0.7584358180707955,
    "ww_td_drive_lat": 0.6467201074722008,
    "ww_td_later_penalty": 0.2852025951816591,
    "ww_td_none_k": 1.433827236160256,
    "ww_td_norm_later": 1.5956255109159143,
    "ww_td_norm_now": 1.8052840886887993,
    "ww_td_now_boost": 0.2653037801632477,
    "ww_td_tempo": 0.22327622478112047,
    "ww_td_tempo_lat": 0.4353393735539658,
    "ww_td_zero_later": 1.9003448151201574,
    "ww_td_zero_now": 1.769337271953548,
    "ww_theta": 0.49962562813123
  }
